-- Pune hospitals metadata (50 hospitals)

CREATE TABLE IF NOT EXISTS hospitals (
  hospital_id VARCHAR(50) PRIMARY KEY,
  hospital_name VARCHAR(100),
  region VARCHAR(50),
  latitude DECIMAL(9,6),
  longitude DECIMAL(9,6),
  ownership_type VARCHAR(20),
  max_capacity_beds INT,
  ward_capacity_beds INT
);

INSERT INTO hospitals VALUES ('PUNE_001','Ruby Hill Hospital, Pune','Pune',18.476612,73.858906,'trust',145,98);
INSERT INTO hospitals VALUES ('PUNE_002','Sahyadri General Hospital, Pune','Pune',18.545993,73.895922,'private',214,145);
INSERT INTO hospitals VALUES ('PUNE_003','Kothrud District Hospital, Pune','Pune',18.540567,73.86773,'govt',174,118);
INSERT INTO hospitals VALUES ('PUNE_004','Pune Central Medical Centre, Pune','Pune',18.493835,73.871409,'private',538,365);
INSERT INTO hospitals VALUES ('PUNE_005','Deccan Health Institute, Pune','Pune',18.576829,73.910522,'govt',395,268);
INSERT INTO hospitals VALUES ('PUNE_006','Hadapsar Care Hospital, Pune','Pune',18.518464,73.905875,'govt',81,55);
INSERT INTO hospitals VALUES ('PUNE_007','Aundh Community Hospital, Pune','Pune',18.509778,73.831317,'govt',209,142);
INSERT INTO hospitals VALUES ('PUNE_008','Viman Nagar Health Centre, Pune','Pune',18.502674,73.890663,'govt',101,68);
INSERT INTO hospitals VALUES ('PUNE_009','Shivaji Nagar Hospital, Pune','Pune',18.518828,73.851142,'private',61,41);
INSERT INTO hospitals VALUES ('PUNE_010','Lokmanya Medical Hospital, Pune','Pune',18.502033,73.84338,'private',74,50);
INSERT INTO hospitals VALUES ('PUNE_011','Dhayari Clinic, Pune','Pune',18.482927,73.892889,'private',484,329);
INSERT INTO hospitals VALUES ('PUNE_012','Katraj Care Centre, Pune','Pune',18.489011,73.867524,'private',50,34);
INSERT INTO hospitals VALUES ('PUNE_013','Bhosari Health Campus, Pune','Pune',18.482077,73.877943,'trust',435,295);
INSERT INTO hospitals VALUES ('PUNE_014','Pune East Medical, Pune','Pune',18.553728,73.84918,'govt',159,108);
INSERT INTO hospitals VALUES ('PUNE_015','Pune West General, Pune','Pune',18.546594,73.841462,'private',55,37);
INSERT INTO hospitals VALUES ('PUNE_016','PMC Community Hospital, Pune','Pune',18.517587,73.832984,'private',73,49);
INSERT INTO hospitals VALUES ('PUNE_017','Bopodi Health Centre, Pune','Pune',18.520656,73.841405,'govt',51,34);
INSERT INTO hospitals VALUES ('PUNE_018','Baner Wellness, Pune','Pune',18.521366,73.796291,'govt',420,285);
INSERT INTO hospitals VALUES ('PUNE_019','Shivaji Hills Clinic, Pune','Pune',18.516139,73.83675,'private',55,37);
INSERT INTO hospitals VALUES ('PUNE_020','Pune NMC Hospital, Pune','Pune',18.549924,73.884766,'trust',46,31);
INSERT INTO hospitals VALUES ('PUNE_021','Ambegaon Specialty Hospital, Pune','Pune',18.533176,73.865597,'trust',70,47);
INSERT INTO hospitals VALUES ('PUNE_022','Pune Metro Health, Pune','Pune',18.550986,73.837506,'private',46,31);
INSERT INTO hospitals VALUES ('PUNE_023','FC Road Medical, Pune','Pune',18.525907,73.90099,'govt',62,42);
INSERT INTO hospitals VALUES ('PUNE_024','Karve Road Hospital, Pune','Pune',18.508537,73.890112,'govt',154,104);
INSERT INTO hospitals VALUES ('PUNE_025','Pashan General Hospital, Pune','Pune',18.542311,73.878814,'govt',164,111);
INSERT INTO hospitals VALUES ('PUNE_026','Yerawada Care, Pune','Pune',18.57113,73.821569,'private',341,231);
INSERT INTO hospitals VALUES ('PUNE_027','Pune City Hospital, Pune','Pune',18.575194,73.870933,'govt',210,142);
INSERT INTO hospitals VALUES ('PUNE_028','Sinhagad Road Medical, Pune','Pune',18.522233,73.817285,'govt',53,36);
INSERT INTO hospitals VALUES ('PUNE_029','Kondhwa Community Hospital, Pune','Pune',18.50023,73.834949,'govt',68,46);
INSERT INTO hospitals VALUES ('PUNE_030','Wagholi Health Centre, Pune','Pune',18.480611,73.874628,'govt',183,124);
INSERT INTO hospitals VALUES ('PUNE_031','Narhe Hospital, Pune','Pune',18.554585,73.844333,'private',72,48);
INSERT INTO hospitals VALUES ('PUNE_032','Pune North Hospital, Pune','Pune',18.529128,73.844127,'govt',231,157);
INSERT INTO hospitals VALUES ('PUNE_033','Pune South General, Pune','Pune',18.582477,73.89785,'private',180,122);
INSERT INTO hospitals VALUES ('PUNE_034','Sadashiv Peth Hospital, Pune','Pune',18.523017,73.887048,'govt',171,116);
INSERT INTO hospitals VALUES ('PUNE_035','Pune Trauma Centre, Pune','Pune',18.514871,73.848226,'govt',116,78);
INSERT INTO hospitals VALUES ('PUNE_036','PMC Specialty, Pune','Pune',18.550009,73.817116,'private',402,273);
INSERT INTO hospitals VALUES ('PUNE_037','Bhandarkar Memorial, Pune','Pune',18.50443,73.87589,'govt',68,46);
INSERT INTO hospitals VALUES ('PUNE_038','Sinhgad Road Clinic, Pune','Pune',18.519283,73.91559,'private',214,145);
INSERT INTO hospitals VALUES ('PUNE_039','Mundhwa Medical, Pune','Pune',18.525033,73.846893,'govt',155,105);
INSERT INTO hospitals VALUES ('PUNE_040','Kalewadi Hospital, Pune','Pune',18.476306,73.86172,'private',213,144);
INSERT INTO hospitals VALUES ('PUNE_041','Akurdi Health, Pune','Pune',18.500643,73.817064,'govt',66,44);
INSERT INTO hospitals VALUES ('PUNE_042','Dattanagar Hospital, Pune','Pune',18.479776,73.873497,'govt',184,125);
INSERT INTO hospitals VALUES ('PUNE_043','Koregaon Park Medical, Pune','Pune',18.555694,73.846321,'govt',60,40);
INSERT INTO hospitals VALUES ('PUNE_044','Kharadi Wellness, Pune','Pune',18.53094,73.880264,'govt',188,127);
INSERT INTO hospitals VALUES ('PUNE_045','Mahalunge Hospital, Pune','Pune',18.575701,73.847907,'private',60,40);
INSERT INTO hospitals VALUES ('PUNE_046','Dapodi Health Centre, Pune','Pune',18.541965,73.852049,'private',54,36);
INSERT INTO hospitals VALUES ('PUNE_047','Pune Central ER, Pune','Pune',18.544057,73.897261,'govt',192,130);
INSERT INTO hospitals VALUES ('PUNE_048','Lohegaon Hospital, Pune','Pune',18.520084,73.885528,'private',54,36);
INSERT INTO hospitals VALUES ('PUNE_049','Gahunje Clinic, Pune','Pune',18.550329,73.867938,'govt',91,61);
INSERT INTO hospitals VALUES ('PUNE_050','Pune River Hospital, Pune','Pune',18.506871,73.843877,'govt',186,126);

CREATE TABLE IF NOT EXISTS hospital_resource_timeseries (
  timestamp DATETIME,
  hospital_id VARCHAR(50),
  occupied_beds INT,
  total_beds INT,
  ed_total_beds INT,
  ed_occupied_beds INT,
  ward_capacity_beds INT,
  total_icu_beds INT,
  icu_occupied_beds INT,
  total_ventilators INT,
  in_use_ventilators INT,
  oxygen_units_liters FLOAT,
  available_oxygen_liters FLOAT,
  estimated_daily_consumption_oxygen_liters FLOAT,
  tb_med_stock_tablets INT,
  diag_kits_available INT,
  available_staff_count INT,
  on_shift_doctors INT,
  required_doctors INT,
  on_shift_nurses INT,
  ambulance_arrivals_24h INT,
  critical_cases_ed INT,
  avg_daily_admissions_7d FLOAT,
  avg_ed_tat_minutes_1h FLOAT,
  avg_ed_tat_minutes_6h FLOAT,
  FOREIGN KEY (hospital_id) REFERENCES hospitals(hospital_id)
);

INSERT INTO hospital_resource_timeseries VALUES ('2025-10-29 13:09:20','PUNE_001',114,145,16,10,98,6,3,8,4,7155.4,9709.3,2385.1389719119197,2647,24,298,18,42,27,61,14,86.9279395592146,27.876906485834205,46.46843373865353);
INSERT INTO hospital_resource_timeseries VALUES ('2025-10-29 13:09:20','PUNE_002',168,214,19,15,145,11,10,16,12,16440.0,12551.1,5479.9978266054395,3673,49,135,18,77,84,163,29,141.17016077553342,30.41302307987845,42.31887054391631);
INSERT INTO hospital_resource_timeseries VALUES ('2025-10-29 13:09:20','PUNE_003',123,174,19,15,118,9,6,11,7,9558.7,11744.8,3186.238877932424,3946,11,335,19,55,67,186,0,20.373821296026996,33.41845576158089,57.214676629445925);
INSERT INTO hospital_resource_timeseries VALUES ('2025-10-29 13:09:20','PUNE_004',461,538,51,33,365,24,12,19,16,23062.8,44742.9,7687.605098008546,3860,7,141,40,26,31,111,15,131.1337901887424,19.36569797943393,41.78700581523687);
INSERT INTO hospital_resource_timeseries VALUES ('2025-10-29 13:09:20','PUNE_005',342,395,53,32,268,19,13,19,12,20859.8,31422.1,6953.266666167317,3370,18,276,23,64,51,162,17,75.90461771577813,33.932698672771494,47.246366176804216);
INSERT INTO hospital_resource_timeseries VALUES ('2025-10-29 13:09:20','PUNE_006',51,81,7,5,55,5,4,7,5,6193.2,5290.2,2064.401475492247,2053,16,62,29,52,89,121,34,190.64417014728252,32.86807115517267,35.730003715062175);
INSERT INTO hospital_resource_timeseries VALUES ('2025-10-29 13:09:20','PUNE_007',151,209,27,23,142,8,6,8,6,11784.2,15818.4,3928.0578869712363,2721,37,138,16,45,37,84,33,62.64447566940132,24.606238833414317,46.46354491727786);
INSERT INTO hospital_resource_timeseries VALUES ('2025-10-29 13:09:20','PUNE_008',73,101,13,13,68,6,4,7,4,7878.5,11350.9,2626.173562443685,3309,28,380,18,56,104,74,5,38.887048893239246,44.45535836145227,40.686119314997754);
INSERT INTO hospital_resource_timeseries VALUES ('2025-10-29 13:09:20','PUNE_009',31,61,6,4,41,3,2,4,4,3507.9,4011.2,1169.2949154950159,3876,15,136,50,38,85,31,36,158.60267974421933,35.286696744895366,45.5555736859597);
INSERT INTO hospital_resource_timeseries VALUES ('2025-10-29 13:09:20','PUNE_010',43,74,7,6,50,4,2,6,5,3301.8,2768.3,1100.6048100273563,3255,22,352,54,58,98,78,46,184.91301868205323,38.747430344177374,39.5529295545964);
INSERT INTO hospital_resource_timeseries VALUES ('2025-10-29 13:09:20','PUNE_011',452,484,44,36,329,27,16,37,24,33688.0,34187.7,11229.337954935141,2646,25,352,29,51,25,146,33,47.20972541019913,40.57664594866724,56.92118535290825);
INSERT INTO hospital_resource_timeseries VALUES ('2025-10-29 13:09:20','PUNE_012',28,50,6,6,34,3,1,3,2,2114.0,3117.7,704.6517270911663,2886,5,394,15,38,99,94,16,91.20607713945435,24.47780444282298,32.915768457073625);
INSERT INTO hospital_resource_timeseries VALUES ('2025-10-29 13:09:20','PUNE_013',358,435,42,31,295,27,19,30,11,34403.7,25141.3,11467.90384222665,3577,21,328,48,16,21,55,6,31.950059429942243,38.666637864175854,53.225779352537714);
INSERT INTO hospital_resource_timeseries VALUES ('2025-10-29 13:09:20','PUNE_014',120,159,18,15,108,7,5,10,7,10327.0,10822.3,3442.319052117883,3989,14,210,24,33,71,108,34,163.9316170894853,28.32730334473242,30.897264029878748);
INSERT INTO hospital_resource_timeseries VALUES ('2025-10-29 13:09:20','PUNE_015',34,55,6,4,37,3,2,3,2,4031.5,3280.3,1343.8229553285755,3546,44,137,33,35,54,189,26,194.60297799752163,24.27768976214798,36.979446269234984);
INSERT INTO hospital_resource_timeseries VALUES ('2025-10-29 13:09:20','PUNE_016',48,73,7,4,49,3,2,3,2,3030.5,6019.6,1010.1604762097637,2296,7,272,15,54,82,74,37,19.773392018539234,39.622912303993765,54.038748894572606);
INSERT INTO hospital_resource_timeseries VALUES ('2025-10-29 13:09:20','PUNE_017',30,51,6,4,34,3,3,3,2,5171.8,8501.2,1723.9416113371224,3109,20,286,13,75,21,93,35,91.77523491613763,43.051318070701264,58.6353357829777);
INSERT INTO hospital_resource_timeseries VALUES ('2025-10-29 13:09:20','PUNE_018',341,420,36,27,285,23,23,33,25,39632.9,68413.3,13210.966699156657,2334,36,337,52,53,44,115,8,178.2528176168865,44.819349102220556,39.2527368713576);
INSERT INTO hospital_resource_timeseries VALUES ('2025-10-29 13:09:20','PUNE_019',33,55,6,5,37,3,2,3,2,3783.4,4743.9,1261.1196890732972,3588,14,109,52,58,118,107,40,157.02432010102217,38.3517240814293,39.05491269731708);
INSERT INTO hospital_resource_timeseries VALUES ('2025-10-29 13:09:20','PUNE_020',23,46,6,5,31,3,2,4,3,2678.4,4228.3,892.8094453451541,3688,13,325,53,74,109,100,42,197.12083994290506,18.936464464594813,34.305448596067116);
INSERT INTO hospital_resource_timeseries VALUES ('2025-10-29 13:09:20','PUNE_021',42,70,9,4,47,3,1,4,3,2349.6,3743.9,783.1899700969941,2816,17,109,36,70,115,125,39,78.79059845093464,42.659873407446156,58.636057722662386);
INSERT INTO hospital_resource_timeseries VALUES ('2025-10-29 13:09:20','PUNE_022',29,46,6,5,31,3,2,4,3,2672.7,5088.0,890.9159138005593,3724,29,328,35,32,26,74,4,101.46752886234208,33.860539641461905,46.71567477040544);
INSERT INTO hospital_resource_timeseries VALUES ('2025-10-29 13:09:20','PUNE_023',37,62,6,6,42,3,2,3,2,3311.0,4234.8,1103.6524182170815,3624,7,217,13,51,46,142,3,126.60850997981962,37.707231347609635,49.49050878547828);
INSERT INTO hospital_resource_timeseries VALUES ('2025-10-29 13:09:20','PUNE_024',126,154,16,11,104,6,6,7,6,9861.5,17032.9,3287.150482895617,3384,11,245,37,25,83,193,30,55.122528697707594,37.19663138287925,33.14428210993033);
INSERT INTO hospital_resource_timeseries VALUES ('2025-10-29 13:09:20','PUNE_025',125,164,14,10,111,11,11,12,8,17264.8,8693.5,5754.933306429245,3835,14,113,45,51,61,13,12,110.25659788112725,27.040812222075267,56.60371666610678);
INSERT INTO hospital_resource_timeseries VALUES ('2025-10-29 13:09:20','PUNE_026',289,341,32,24,231,19,14,16,9,22346.8,39155.8,7448.939948348315,2082,17,185,53,72,67,144,30,142.80829211281394,23.299958323376387,41.43521829211676);
INSERT INTO hospital_resource_timeseries VALUES ('2025-10-29 13:09:20','PUNE_027',126,210,21,16,142,8,6,10,8,11170.5,18136.5,3723.5063595063866,3713,34,79,31,56,45,29,37,89.37921703970052,26.292750662610956,33.19945089944106);
INSERT INTO hospital_resource_timeseries VALUES ('2025-10-29 13:09:20','PUNE_028',31,53,6,4,36,3,2,3,2,2842.1,1775.6,947.366534988708,2884,7,356,26,76,51,29,6,146.74319402963658,43.987006079508575,59.35182145765065);
INSERT INTO hospital_resource_timeseries VALUES ('2025-10-29 13:09:20','PUNE_029',36,68,6,4,46,3,2,3,3,3980.1,2508.1,1326.6895669695984,2398,47,141,38,75,27,19,28,119.89337238428726,26.307122833096287,38.604027743010235);
INSERT INTO hospital_resource_timeseries VALUES ('2025-10-29 13:09:20','PUNE_030',123,183,24,16,124,6,3,6,3,7167.2,11538.5,2389.059854216578,3528,27,362,50,35,53,142,25,53.38006083183856,36.40448663909471,41.53166157548634);
INSERT INTO hospital_resource_timeseries VALUES ('2025-10-29 13:09:20','PUNE_031',42,72,6,4,48,3,3,3,1,4514.8,2370.0,1504.9427014935613,3681,44,79,57,34,91,74,6,140.3273918619315,22.232136476492833,54.95123783925993);
INSERT INTO hospital_resource_timeseries VALUES ('2025-10-29 13:09:20','PUNE_032',210,231,25,13,157,12,10,10,7,18833.3,31414.6,6277.762297691155,3526,42,207,44,58,50,112,45,195.0545737085269,43.12704208320608,39.09262383621012);
INSERT INTO hospital_resource_timeseries VALUES ('2025-10-29 13:09:20','PUNE_033',136,180,18,14,122,8,6,11,8,11242.4,9437.9,3747.4536261417015,3780,16,299,15,65,69,193,44,57.85942725421248,26.299110650172928,57.552878545182494);
INSERT INTO hospital_resource_timeseries VALUES ('2025-10-29 13:09:20','PUNE_034',122,171,15,13,116,7,5,6,5,10366.0,13365.0,3455.3318209866766,3342,12,374,47,51,57,131,29,111.89924305099503,23.523015604106618,31.15343081933737);
INSERT INTO hospital_resource_timeseries VALUES ('2025-10-29 13:09:20','PUNE_035',102,116,11,11,78,6,5,5,3,9911.8,7343.4,3303.9415710324133,3849,30,313,43,58,36,68,44,176.26675708759547,30.661713422171054,44.13480954845484);
INSERT INTO hospital_resource_timeseries VALUES ('2025-10-29 13:09:20','PUNE_036',367,402,53,46,273,22,20,27,17,38456.5,75300.0,12818.826766416485,2323,22,331,50,39,108,95,30,28.38984768212585,22.758811162457206,45.76983498013575);
INSERT INTO hospital_resource_timeseries VALUES ('2025-10-29 13:09:20','PUNE_037',35,68,7,5,46,4,3,4,3,5065.9,10053.7,1688.6239367784165,3185,31,222,54,72,101,45,34,40.63888744378444,25.439755611131105,48.70067482149439);
INSERT INTO hospital_resource_timeseries VALUES ('2025-10-29 13:09:20','PUNE_038',151,214,28,15,145,11,6,12,10,10753.8,9251.4,3584.5932564083378,2190,35,261,54,47,89,101,38,101.11003769704926,30.585070296241575,48.0680581878414);
INSERT INTO hospital_resource_timeseries VALUES ('2025-10-29 13:09:20','PUNE_039',115,155,13,9,105,10,9,15,10,16357.7,9496.2,5452.572229548887,2988,14,176,21,42,34,159,26,135.6959720381373,35.527441061805234,31.821999521684827);
INSERT INTO hospital_resource_timeseries VALUES ('2025-10-29 13:09:20','PUNE_040',132,213,18,14,144,10,9,9,6,15384.1,22078.3,5128.033255289041,2433,36,248,12,20,21,142,36,166.26426691962797,27.43193846808225,52.219088070570756);
INSERT INTO hospital_resource_timeseries VALUES ('2025-10-29 13:09:20','PUNE_041',39,66,8,7,44,3,2,4,3,3744.0,3399.4,1247.985435422308,3017,20,127,14,74,93,36,32,170.45333390815784,31.502235182805162,34.63303778337841);
INSERT INTO hospital_resource_timeseries VALUES ('2025-10-29 13:09:20','PUNE_042',141,184,24,20,125,11,10,12,11,16731.6,10724.6,5577.2159652691425,2429,26,174,26,79,69,62,27,157.3958887299718,44.62997916639979,51.40109783880953);
INSERT INTO hospital_resource_timeseries VALUES ('2025-10-29 13:09:20','PUNE_043',30,60,6,4,40,3,2,4,3,3438.7,6735.3,1146.221139228927,3431,36,329,11,29,30,85,22,19.733556361094802,37.77764131165634,37.97653744264585);
INSERT INTO hospital_resource_timeseries VALUES ('2025-10-29 13:09:20','PUNE_044',126,188,23,19,127,7,4,8,7,9050.7,6997.3,3016.9040592402957,3504,33,238,41,32,82,56,43,125.83725284147789,30.7494741840297,34.35048531578221);
INSERT INTO hospital_resource_timeseries VALUES ('2025-10-29 13:09:20','PUNE_045',42,60,6,4,40,3,2,2,1,3130.7,5164.3,1043.5826975817072,3701,15,261,12,79,28,195,38,160.17804346559222,25.19031358209771,42.6558717919027);
INSERT INTO hospital_resource_timeseries VALUES ('2025-10-29 13:09:20','PUNE_046',37,54,6,4,36,3,2,4,3,2988.2,3286.5,996.058866386227,2657,28,118,54,17,69,60,13,187.77746312440667,22.667789645467575,31.48841739949067);
INSERT INTO hospital_resource_timeseries VALUES ('2025-10-29 13:09:20','PUNE_047',150,192,25,21,130,9,7,11,6,13313.4,23516.3,4437.784770959659,2977,24,171,57,77,50,8,33,195.97107991976594,19.26381332366471,53.63006981389458);
INSERT INTO hospital_resource_timeseries VALUES ('2025-10-29 13:09:20','PUNE_048',36,54,6,5,36,3,3,3,2,5541.4,2870.8,1847.1407171738842,3551,42,331,58,68,58,26,7,137.51901272766446,29.42435368416077,33.487763565462586);
INSERT INTO hospital_resource_timeseries VALUES ('2025-10-29 13:09:20','PUNE_049',70,91,8,6,61,3,2,3,2,4435.7,4883.4,1478.5549100630903,2653,42,62,52,34,92,84,22,60.347051140615626,36.903970212740816,48.974451771820426);
INSERT INTO hospital_resource_timeseries VALUES ('2025-10-29 13:09:20','PUNE_050',121,186,25,22,126,9,7,12,4,11639.7,22964.7,3879.916240550079,3762,25,200,42,46,118,158,44,95.31551635645006,25.159510799305163,44.14237260220173);

CREATE TABLE IF NOT EXISTS hospital_finance_monthly (
  hospital_id VARCHAR(50),
  year INT,
  month INT,
  period DATE,
  total_expenditure DECIMAL(15,2),
  operational_expenditure DECIMAL(15,2),
  staff_cost DECIMAL(15,2),
  supply_cost DECIMAL(15,2),
  maintenance_cost DECIMAL(15,2),
  transport_cost DECIMAL(15,2),
  capital_expenditure DECIMAL(15,2),
  revenue DECIMAL(15,2),
  budget_allocated DECIMAL(15,2),
  budget_remaining DECIMAL(15,2),
  data_confidence VARCHAR(20),
  last_updated DATETIME,
  PRIMARY KEY (hospital_id, period)
);

INSERT INTO hospital_finance_monthly VALUES ('PUNE_001',2025,10,'2025-10-01',7944555.06,7171174.2299999995,4843280.04,1111065.48,218562.81,99186.56,773380.83,7588792.68,9533466.07,1588911.01,'reported','2025-10-29 13:09:20');
INSERT INTO hospital_finance_monthly VALUES ('PUNE_002',2025,10,'2025-10-01',1697337.9,1552519.3699999999,1017660.44,314391.68,78834.8,26986.26,144818.53,1041373.08,2036805.48,339467.58,'reported','2025-10-29 13:09:20');
INSERT INTO hospital_finance_monthly VALUES ('PUNE_003',2025,10,'2025-10-01',5076812.23,4760999.970000001,2788438.63,903465.68,228753.5,81652.57,315812.26,3874089.79,6092174.68,1015362.45,'reported','2025-10-29 13:09:20');
INSERT INTO hospital_finance_monthly VALUES ('PUNE_004',2025,10,'2025-10-01',3427054.26,3210034.1799999997,2141967.85,519415.95,110660.18,75709.13,217020.08,3175451.03,4112465.11,685410.85,'reported','2025-10-29 13:09:20');
INSERT INTO hospital_finance_monthly VALUES ('PUNE_005',2025,10,'2025-10-01',4873797.23,4551038.430000001,3016749.14,956204.23,140971.82,144440.6,322758.8,5317510.72,5848556.68,974759.45,'reported','2025-10-29 13:09:20');
INSERT INTO hospital_finance_monthly VALUES ('PUNE_006',2025,10,'2025-10-01',7286578.73,6636766.090000001,4781313.0,1329659.65,150634.59,167369.62,649812.64,6455083.61,8743894.48,1457315.75,'reported','2025-10-29 13:09:20');
INSERT INTO hospital_finance_monthly VALUES ('PUNE_007',2025,10,'2025-10-01',5468208.29,5090224.19,3807742.53,879275.42,207333.07,85647.8,377984.1,6488494.69,6561849.95,1093641.66,'reported','2025-10-29 13:09:20');
INSERT INTO hospital_finance_monthly VALUES ('PUNE_008',2025,10,'2025-10-01',2100219.87,1921168.1600000001,1060462.54,262928.93,123761.65,53203.74,179051.71,1999140.09,2520263.84,420043.97,'reported','2025-10-29 13:09:20');
INSERT INTO hospital_finance_monthly VALUES ('PUNE_009',2025,10,'2025-10-01',2355994.79,2200651.88,1321246.27,335090.67,111949.4,45459.19,155342.91,1669774.94,2827193.75,471198.96,'reported','2025-10-29 13:09:20');
INSERT INTO hospital_finance_monthly VALUES ('PUNE_010',2025,10,'2025-10-01',6884349.91,6341826.220000001,4203382.93,1174529.15,393270.9,117332.35,542523.69,4159606.21,8261219.89,1376869.98,'reported','2025-10-29 13:09:20');
INSERT INTO hospital_finance_monthly VALUES ('PUNE_011',2025,10,'2025-10-01',1687673.22,1586508.8399999999,959387.24,184235.52,54210.38,28327.22,101164.38,1566682.25,2025207.86,337534.64,'reported','2025-10-29 13:09:20');
INSERT INTO hospital_finance_monthly VALUES ('PUNE_012',2025,10,'2025-10-01',3907827.08,3613035.1100000003,2610078.55,481856.77,187528.95,67388.77,294791.97,3391578.2,4689392.5,781565.42,'reported','2025-10-29 13:09:20');
INSERT INTO hospital_finance_monthly VALUES ('PUNE_013',2025,10,'2025-10-01',5808832.32,5449536.5600000005,3235192.22,962180.36,220050.94,79406.84,359295.76,6028384.06,6970598.78,1161766.46,'reported','2025-10-29 13:09:20');
INSERT INTO hospital_finance_monthly VALUES ('PUNE_014',2025,10,'2025-10-01',8131309.18,7618896.39,4134954.59,1295866.12,264087.45,166640.84,512412.79,5108423.27,9757571.02,1626261.84,'reported','2025-10-29 13:09:20');
INSERT INTO hospital_finance_monthly VALUES ('PUNE_015',2025,10,'2025-10-01',7463438.11,6893797.75,5075485.03,1027145.37,176830.53,218465.97,569640.36,6156740.61,8956125.73,1492687.62,'reported','2025-10-29 13:09:20');
INSERT INTO hospital_finance_monthly VALUES ('PUNE_016',2025,10,'2025-10-01',3443830.1,3229546.23,2117300.11,600173.5,164513.31,82373.43,214283.87,2639331.46,4132596.12,688766.02,'reported','2025-10-29 13:09:20');
INSERT INTO hospital_finance_monthly VALUES ('PUNE_017',2025,10,'2025-10-01',1202345.91,1106980.13,786240.86,211392.0,32366.66,26833.4,95365.78,774158.3,1442815.09,240469.18,'reported','2025-10-29 13:09:20');
INSERT INTO hospital_finance_monthly VALUES ('PUNE_018',2025,10,'2025-10-01',1835511.71,1713018.46,925374.93,261122.94,72453.57,39707.67,122493.25,1244584.48,2202614.05,367102.34,'reported','2025-10-29 13:09:20');
INSERT INTO hospital_finance_monthly VALUES ('PUNE_019',2025,10,'2025-10-01',1980509.96,1796624.72,1149664.98,309872.95,93914.31,38946.12,183885.24,2244250.39,2376611.95,396101.99,'reported','2025-10-29 13:09:20');
INSERT INTO hospital_finance_monthly VALUES ('PUNE_020',2025,10,'2025-10-01',4330748.46,3899166.89,2886273.62,608734.8,247640.7,57312.6,431581.57,2971746.14,5196898.15,866149.69,'reported','2025-10-29 13:09:20');
INSERT INTO hospital_finance_monthly VALUES ('PUNE_021',2025,10,'2025-10-01',4476621.25,4134012.52,2559063.45,457783.34,224376.99,106021.32,342608.73,5278433.89,5371945.5,895324.25,'reported','2025-10-29 13:09:20');
INSERT INTO hospital_finance_monthly VALUES ('PUNE_022',2025,10,'2025-10-01',5515351.03,4979619.44,2927018.46,969097.66,136747.57,162622.74,535731.59,5741612.48,6618421.24,1103070.21,'reported','2025-10-29 13:09:20');
INSERT INTO hospital_finance_monthly VALUES ('PUNE_023',2025,10,'2025-10-01',6501337.11,5864939.550000001,4227318.8,680049.87,208431.44,171881.8,636397.56,7369414.46,7801604.53,1300267.42,'reported','2025-10-29 13:09:20');
INSERT INTO hospital_finance_monthly VALUES ('PUNE_024',2025,10,'2025-10-01',3104683.26,2817481.5799999996,1745663.6,541668.24,178984.45,85860.13,287201.68,1918400.08,3725619.91,620936.65,'reported','2025-10-29 13:09:20');
INSERT INTO hospital_finance_monthly VALUES ('PUNE_025',2025,10,'2025-10-01',6145931.45,5714480.32,3742896.9,786996.37,258012.52,110460.52,431451.13,5757075.79,7375117.74,1229186.29,'reported','2025-10-29 13:09:20');
INSERT INTO hospital_finance_monthly VALUES ('PUNE_026',2025,10,'2025-10-01',7470643.34,6760617.3,4678902.87,1341261.04,410746.37,97454.66,710026.04,5390885.81,8964772.01,1494128.67,'reported','2025-10-29 13:09:20');
INSERT INTO hospital_finance_monthly VALUES ('PUNE_027',2025,10,'2025-10-01',1578764.75,1474441.38,813399.96,254948.01,38502.19,22583.08,104323.37,953056.61,1894517.7,315752.95,'reported','2025-10-29 13:09:20');
INSERT INTO hospital_finance_monthly VALUES ('PUNE_028',2025,10,'2025-10-01',1377941.38,1267964.3099999998,815378.4,259864.81,62901.37,17294.41,109977.07,1353370.36,1653529.66,275588.28,'reported','2025-10-29 13:09:20');
INSERT INTO hospital_finance_monthly VALUES ('PUNE_029',2025,10,'2025-10-01',6585276.01,6242244.29,4307393.93,726925.29,261491.87,91230.17,343031.72,5294905.99,7902331.21,1317055.2,'reported','2025-10-29 13:09:20');
INSERT INTO hospital_finance_monthly VALUES ('PUNE_030',2025,10,'2025-10-01',6601082.88,6067256.54,4197326.98,883902.62,325193.92,176500.04,533826.34,4880326.51,7921299.46,1320216.58,'reported','2025-10-29 13:09:20');
INSERT INTO hospital_finance_monthly VALUES ('PUNE_031',2025,10,'2025-10-01',5127780.0,4677920.34,2928079.92,823826.13,136688.73,140993.47,449859.66,4510184.11,6153336.0,1025556.0,'reported','2025-10-29 13:09:20');
INSERT INTO hospital_finance_monthly VALUES ('PUNE_032',2025,10,'2025-10-01',4752715.2,4288677.8,2464365.2,622654.91,136971.67,75958.11,464037.4,5359177.73,5703258.24,950543.04,'reported','2025-10-29 13:09:20');
INSERT INTO hospital_finance_monthly VALUES ('PUNE_033',2025,10,'2025-10-01',6907351.12,6286950.07,3716474.75,1285394.62,213723.02,89637.86,620401.05,5935159.01,8288821.34,1381470.22,'reported','2025-10-29 13:09:20');
INSERT INTO hospital_finance_monthly VALUES ('PUNE_034',2025,10,'2025-10-01',6649152.13,6268476.17,3657484.36,962157.53,395717.86,154397.32,380675.96,4678583.65,7978982.56,1329830.43,'reported','2025-10-29 13:09:20');
INSERT INTO hospital_finance_monthly VALUES ('PUNE_035',2025,10,'2025-10-01',2444625.22,2256190.9400000004,1698186.05,412050.33,73735.08,53528.52,188434.28,2221737.92,2933550.26,488925.04,'reported','2025-10-29 13:09:20');
INSERT INTO hospital_finance_monthly VALUES ('PUNE_036',2025,10,'2025-10-01',2985253.67,2829344.13,1715101.14,522965.82,147184.91,45992.36,155909.54,3211712.38,3582304.4,597050.73,'reported','2025-10-29 13:09:20');
INSERT INTO hospital_finance_monthly VALUES ('PUNE_037',2025,10,'2025-10-01',8377982.01,7582478.79,4421738.08,1435806.32,231587.26,185763.71,795503.22,9298043.34,10053578.41,1675596.4,'reported','2025-10-29 13:09:20');
INSERT INTO hospital_finance_monthly VALUES ('PUNE_038',2025,10,'2025-10-01',3185984.24,2877428.29,1968565.99,597030.97,181770.2,34012.73,308555.95,3791188.34,3823181.09,637196.85,'reported','2025-10-29 13:09:20');
INSERT INTO hospital_finance_monthly VALUES ('PUNE_039',2025,10,'2025-10-01',1339682.15,1227251.91,936372.65,173792.84,28967.94,22744.83,112430.24,1160760.12,1607618.58,267936.43,'reported','2025-10-29 13:09:20');
INSERT INTO hospital_finance_monthly VALUES ('PUNE_040',2025,10,'2025-10-01',1037366.12,949986.96,587752.25,131971.15,57749.82,11671.28,87379.16,634379.43,1244839.34,207473.22,'reported','2025-10-29 13:09:20');
INSERT INTO hospital_finance_monthly VALUES ('PUNE_041',2025,10,'2025-10-01',7422348.56,6787846.4799999995,3972906.47,1078884.05,298952.78,220396.41,634502.08,5166155.67,8906818.27,1484469.71,'reported','2025-10-29 13:09:20');
INSERT INTO hospital_finance_monthly VALUES ('PUNE_042',2025,10,'2025-10-01',6746541.82,6124335.62,4186875.92,879769.0,347151.53,146173.03,622206.2,7866202.21,8095850.18,1349308.36,'reported','2025-10-29 13:09:20');
INSERT INTO hospital_finance_monthly VALUES ('PUNE_043',2025,10,'2025-10-01',6637577.97,6241521.649999999,3777240.72,1042468.21,385300.29,184188.12,396056.32,4018330.64,7965093.56,1327515.59,'reported','2025-10-29 13:09:20');
INSERT INTO hospital_finance_monthly VALUES ('PUNE_044',2025,10,'2025-10-01',1722979.85,1599929.6300000001,954898.64,281474.12,43672.34,51215.61,123050.22,1780973.73,2067575.82,344595.97,'reported','2025-10-29 13:09:20');
INSERT INTO hospital_finance_monthly VALUES ('PUNE_045',2025,10,'2025-10-01',1254100.58,1169895.02,780980.93,154284.19,55199.27,18935.19,84205.56,1042830.68,1504920.7,250820.12,'reported','2025-10-29 13:09:20');
INSERT INTO hospital_finance_monthly VALUES ('PUNE_046',2025,10,'2025-10-01',6575708.39,6040812.55,3658864.81,721905.48,139743.6,121348.43,534895.84,5745078.75,7890850.07,1315141.68,'reported','2025-10-29 13:09:20');
INSERT INTO hospital_finance_monthly VALUES ('PUNE_047',2025,10,'2025-10-01',8165973.95,7576347.54,4504992.54,827785.95,272649.15,197761.86,589626.41,8904033.3,9799168.74,1633194.79,'reported','2025-10-29 13:09:20');
INSERT INTO hospital_finance_monthly VALUES ('PUNE_048',2025,10,'2025-10-01',2130692.19,1951511.18,1294721.34,417885.53,102058.68,44929.6,179181.01,2257673.27,2556830.63,426138.44,'reported','2025-10-29 13:09:20');
INSERT INTO hospital_finance_monthly VALUES ('PUNE_049',2025,10,'2025-10-01',6139726.32,5682957.220000001,3655161.1,834051.43,156225.37,91058.65,456769.1,7337112.76,7367671.58,1227945.26,'reported','2025-10-29 13:09:20');
INSERT INTO hospital_finance_monthly VALUES ('PUNE_050',2025,10,'2025-10-01',8471248.49,7794420.050000001,5203721.09,1690260.49,320466.86,132346.91,676828.44,6570966.92,10165498.19,1694249.7,'reported','2025-10-29 13:09:20');

CREATE TABLE IF NOT EXISTS suppliers (
  vendor_id VARCHAR(20) PRIMARY KEY,
  vendor_name VARCHAR(100),
  vendor_type VARCHAR(50),
  contact JSON,
  lead_time_days INT,
  payment_terms_days INT
);

INSERT INTO suppliers VALUES ('100000001','OxySupply Pvt Ltd','distributor','{"phone":"+91-20-55550001","email":"sales@oxysupply.in"}',2,30);
INSERT INTO suppliers VALUES ('100000002','MedEquip Traders','manufacturer','{"phone":"+91-20-55550002","email":"contact@medequip.in"}',6,45);
INSERT INTO suppliers VALUES ('100000003','Rapid Diagnostics Co','labkits','{"phone":"+91-20-55550004","email":"sales@rapiddiag.in"}',3,30);

CREATE TABLE IF NOT EXISTS inventory_items (
  item_id VARCHAR(50) PRIMARY KEY,
  item_name VARCHAR(100),
  unit VARCHAR(20),
  reorder_level DECIMAL(10,2),
  reorder_qty DECIMAL(10,2),
  unit_cost DECIMAL(10,2),
  asset_flag BOOLEAN
);

INSERT INTO inventory_items VALUES ('OXY_LITER','Oxygen (liters)','liters',5000,10000,0.75,0);
INSERT INTO inventory_items VALUES ('VENT_UNIT','Ventilator Unit','unit',1,1,250000.0,1);